Path,SteerAngle,Throttle,Brake,Speed,X_Position,Y_Position,Pitch,Yaw,Roll
IMG/robocam_2017_06_04_11_06_19_095.jpg,0,0,1,0,99.66999,85.58897,0.000233277,55.99634,2.81E-06
IMG/robocam_2017_06_04_11_06_19_186.jpg,0,0,0,0,99.66999,85.58897,0.000233277,55.99634,2.81E-06
IMG/robocam_2017_06_04_11_06_19_255.jpg,0,0,0,0,99.66999,85.58897,0.000233324,55.99634,2.65E-06
IMG/robocam_2017_06_04_11_06_19_321.jpg,0,0,0,0,99.66999,85.58897,0.00023337,55.99634,2.50E-06
IMG/robocam_2017_06_04_11_06_19_388.jpg,0,0,0,0,99.66999,85.58897,0.000233433,55.99634,2.30E-06
IMG/robocam_2017_06_04_11_06_19_455.jpg,0,0,0,0,99.66999,85.58897,0.000233495,55.99634,2.09E-06
IMG/robocam_2017_06_04_11_06_19_521.jpg,0,0,0,0,99.66999,85.58897,0.000233573,55.99634,1.84E-06
IMG/robocam_2017_06_04_11_06_19_589.jpg,0,0,0,0,99.66999,85.58897,0.000233698,55.99634,1.43E-06
IMG/robocam_2017_06_04_11_06_19_654.jpg,0,0,0,0,99.66999,85.58897,0.000233792,55.99634,1.12E-06
IMG/robocam_2017_06_04_11_06_19_721.jpg,0,0,0,0,99.66999,85.58897,0.000233885,55.99634,8.16E-07
IMG/robocam_2017_06_04_11_06_19_789.jpg,0,0,0,0,99.66999,85.58897,0.00023401,55.99634,4.08E-07
IMG/robocam_2017_06_04_11_06_19_856.jpg,-4.055331,0.09972471,0,0,99.67011,85.58915,0.004878253,55.91113,-0.000133478
IMG/robocam_2017_06_04_11_06_19_921.jpg,-7.999931,0.2969548,0,0,99.67046,85.58957,0.01498281,55.95199,-0.001382462
IMG/robocam_2017_06_04_11_06_19_988.jpg,-12.05369,0.4996427,0,0.02585134,99.67298,85.59267,0.09839293,55.91127,359.9911
IMG/robocam_2017_06_04_11_06_20_055.jpg,-8.05971,0.6993418,0,0.04510501,99.67647,85.59705,0.209376,55.87597,359.9828
IMG/robocam_2017_06_04_11_06_20_121.jpg,-8.118733,0.8999642,0,0.106528,99.68187,85.60416,0.3796743,55.96805,359.9733
IMG/robocam_2017_06_04_11_06_20_189.jpg,-4.141954,1,0,0.1479847,99.69198,85.61858,0.6694509,56.03096,0.001788258
IMG/robocam_2017_06_04_11_06_20_256.jpg,-0.1714662,1,0,0.204625,99.70232,85.63313,0.9303104,56.0012,0.00577195
IMG/robocam_2017_06_04_11_06_20_322.jpg,-4.230559,1,0,0.2703194,99.71461,85.65029,1.199173,55.94381,-0.000812891
IMG/robocam_2017_06_04_11_06_20_389.jpg,-8.227482,1,0,0.3127624,99.73169,85.67214,1.30526,55.66687,-0.001093087
IMG/robocam_2017_06_04_11_06_20_455.jpg,-12.23391,1,0,0.384275,99.74542,85.68888,1.170214,55.41385,-0.000446537
IMG/robocam_2017_06_04_11_06_20_522.jpg,-8.266844,1,0,0.4558705,99.76125,85.70829,1.069201,55.15797,0.003166184
IMG/robocam_2017_06_04_11_06_20_589.jpg,-8.22868,1,0,0.4899113,99.78593,85.73939,1.042154,54.78331,0.002418474
IMG/robocam_2017_06_04_11_06_20_656.jpg,-12.21326,1,0,0.5400966,99.8078,85.76556,1.081992,54.31216,-0.003601486
IMG/robocam_2017_06_04_11_06_20_722.jpg,-15,1,0,0.5991684,99.83276,85.79366,1.156512,53.66783,359.9808
IMG/robocam_2017_06_04_11_06_20_790.jpg,-15,1,0,0.6452092,99.86893,85.83321,1.225494,52.71386,-0.004661603
IMG/robocam_2017_06_04_11_06_20_856.jpg,-15,1,0,0.6984898,99.89861,85.8641,1.228351,51.86731,0.005788688
IMG/robocam_2017_06_04_11_06_20_921.jpg,-15,1,0,0.7601513,99.93079,85.89647,1.211675,50.91226,0.006027922
IMG/robocam_2017_06_04_11_06_20_989.jpg,-12.9552,1,0,0.8174167,99.97733,85.94213,1.188029,49.67286,0.005562117
IMG/robocam_2017_06_04_11_06_21_056.jpg,-8.90158,1,0,0.8531251,100.0148,85.97956,1.206699,48.88274,0.004311205
IMG/robocam_2017_06_04_11_06_21_123.jpg,-4.944634,1,0,0.9359732,100.0545,86.02016,1.240053,48.37278,0.00269434
IMG/robocam_2017_06_04_11_06_21_189.jpg,-0.9229875,1,0,0.9855891,100.1089,86.0784,1.251977,48.12273,0.000220166
IMG/robocam_2017_06_04_11_06_21_256.jpg,0,1,0,1.034315,100.1511,86.12483,1.233523,48.10981,-0.000978011
IMG/robocam_2017_06_04_11_06_21_322.jpg,0,1,0,1.093339,100.195,86.17331,1.210716,48.09206,0.000214318
IMG/robocam_2017_06_04_11_06_21_389.jpg,0,1,0,1.142008,100.2569,86.24179,1.230311,48.05661,-0.000563274
IMG/robocam_2017_06_04_11_06_21_455.jpg,-2.007387,1,0,1.186605,100.3055,86.29497,1.228825,47.95768,-0.000353277
IMG/robocam_2017_06_04_11_06_21_522.jpg,0,1,0,1.250529,100.3562,86.35041,1.230947,47.88412,-0.000581954
IMG/robocam_2017_06_04_11_06_21_589.jpg,0,1,0,1.297778,100.4267,86.42774,1.235422,47.84026,-0.000727291
IMG/robocam_2017_06_04_11_06_21_655.jpg,0,1,0,1.345101,100.4818,86.48817,1.24061,47.81909,-0.000872414
IMG/robocam_2017_06_04_11_06_21_721.jpg,0,1,0,1.409267,100.5389,86.55065,1.244593,47.80172,-0.00089139
IMG/robocam_2017_06_04_11_06_21_789.jpg,0,1,0,1.456289,100.618,86.6372,1.250325,47.78098,-0.000912314
IMG/robocam_2017_06_04_11_06_21_855.jpg,0,1,0,1.50215,100.6795,86.70448,1.25295,47.76975,-0.000930062
IMG/robocam_2017_06_04_11_06_21_922.jpg,0,1,0,1.565234,100.7429,86.77382,1.255828,47.7593,-0.000975724
IMG/robocam_2017_06_04_11_06_21_990.jpg,0,1,0,1.610779,100.8305,86.86948,1.262251,47.74421,-0.000999905
IMG/robocam_2017_06_04_11_06_22_055.jpg,0,1,0,1.657796,100.8984,86.94361,1.267673,47.73195,-0.001005751
IMG/robocam_2017_06_04_11_06_22_121.jpg,0,1,0,1.719203,100.9681,87.01971,1.269607,47.72223,-0.001033613
IMG/robocam_2017_06_04_11_06_22_189.jpg,0,1,0,1.764933,101.0641,87.12438,1.277739,47.70646,-0.001047894
IMG/robocam_2017_06_04_11_06_22_255.jpg,-2.055605,1,0,1.809968,101.1385,87.20477,1.275301,47.59946,-0.000396916
IMG/robocam_2017_06_04_11_06_22_322.jpg,0,1,0,1.870944,101.2149,87.28728,1.283017,47.52641,-0.000717457
IMG/robocam_2017_06_04_11_06_22_389.jpg,-1.96358,1,0,1.915362,101.3197,87.40011,1.289983,47.40803,-0.000419523
IMG/robocam_2017_06_04_11_06_22_453.jpg,0,1,0,1.960501,101.4006,87.48691,1.28948,47.33963,-0.00078447
IMG/robocam_2017_06_04_11_06_22_523.jpg,0,1,0,2.020819,101.4833,87.57588,1.299102,47.31849,-0.001101037
IMG/robocam_2017_06_04_11_06_22_589.jpg,0,1,0,2.065606,101.5963,87.69743,1.302284,47.30271,-0.00115033
IMG/robocam_2017_06_04_11_06_22_655.jpg,0,1,0,2.110242,101.6832,87.79086,1.305021,47.29209,-0.001190549
IMG/robocam_2017_06_04_11_06_22_723.jpg,0,1,0,2.16943,101.772,87.88622,1.308701,47.27937,-0.001194074
IMG/robocam_2017_06_04_11_06_22_789.jpg,0,1,0,2.213447,101.8932,88.01639,1.314769,47.26508,-0.001217909
IMG/robocam_2017_06_04_11_06_22_856.jpg,-2.041071,1,0,2.257631,101.9865,88.11579,1.312724,47.15292,-0.000515468
IMG/robocam_2017_06_04_11_06_22_921.jpg,-5.952363,1,0,2.314534,102.0831,88.21568,1.313279,46.69688,0.001107849
IMG/robocam_2017_06_04_11_06_22_989.jpg,-9.995315,1,0,2.356194,102.2186,88.34733,1.299639,45.3431,359.9708
IMG/robocam_2017_06_04_11_06_23_055.jpg,-14.0566,1,0,2.39485,102.3257,88.44292,1.244046,43.74729,359.8907
IMG/robocam_2017_06_04_11_06_23_122.jpg,-10.09654,1,0,2.448752,102.436,88.5371,1.135843,42.09809,359.8226
IMG/robocam_2017_06_04_11_06_23_189.jpg,-6.123521,1,0,2.494053,102.5879,88.6637,1.000568,40.55434,359.7486
IMG/robocam_2017_06_04_11_06_23_255.jpg,-2.094522,1,0,2.53819,102.705,88.76089,0.9462913,39.95559,359.7101
IMG/robocam_2017_06_04_11_06_23_322.jpg,0,1,0,2.594069,102.8241,88.86105,0.9410263,39.80073,359.705
IMG/robocam_2017_06_04_11_06_23_388.jpg,0,1,0,2.635698,102.9863,88.99786,0.9829648,39.79284,359.7389
IMG/robocam_2017_06_04_11_06_23_455.jpg,0,1,0,2.676668,103.1105,89.10269,1.043658,39.81535,359.7899
IMG/robocam_2017_06_04_11_06_23_521.jpg,0,1,0,2.732553,103.237,89.20941,1.130073,39.84051,359.8551
IMG/robocam_2017_06_04_11_06_23_589.jpg,0,1,0,2.773307,103.4089,89.35457,1.272298,39.87709,359.9642
IMG/robocam_2017_06_04_11_06_23_655.jpg,0,1,0,2.815124,103.5407,89.46465,1.383881,39.87925,-0.00144474
IMG/robocam_2017_06_04_11_06_23_721.jpg,0,1,0,2.870608,103.6736,89.57473,1.396131,39.86285,-0.002134854
IMG/robocam_2017_06_04_11_06_23_789.jpg,0,1,0,2.916055,103.8532,89.72345,1.352352,39.84388,-0.000967435
IMG/robocam_2017_06_04_11_06_23_855.jpg,0,1,0,2.957791,103.9906,89.83714,1.350339,39.82747,-0.000873973
IMG/robocam_2017_06_04_11_06_23_922.jpg,0,1,0,3.011825,104.1303,89.95257,1.371164,39.80727,-0.001346306
IMG/robocam_2017_06_04_11_06_23_989.jpg,0,1,0,3.051967,104.3192,90.10863,1.379717,39.7852,-0.001515141
IMG/robocam_2017_06_04_11_06_24_058.jpg,0,1,0,3.093951,104.463,90.22739,1.376892,39.77152,-0.00151626
IMG/robocam_2017_06_04_11_06_24_122.jpg,0,1,0,3.149079,104.6088,90.34769,1.37725,39.7581,-0.001405344
IMG/robocam_2017_06_04_11_06_24_189.jpg,0,1,0,3.189609,104.8063,90.51053,1.384454,39.7373,-0.001521976
IMG/robocam_2017_06_04_11_06_24_254.jpg,0,1,0,3.229594,104.9565,90.63435,1.384545,39.72293,-0.0015445
IMG/robocam_2017_06_04_11_06_24_322.jpg,0,1,0,3.283372,105.1087,90.75973,1.389377,39.70796,-0.001550428
IMG/robocam_2017_06_04_11_06_24_389.jpg,0,1,0,3.324216,105.3146,90.92921,1.394838,39.68737,-0.001569167
IMG/robocam_2017_06_04_11_06_24_456.jpg,0,1,0,3.363778,105.4712,91.05804,1.396234,39.67361,-0.001129878
IMG/robocam_2017_06_04_11_06_24_522.jpg,0,1,0,3.416978,105.6297,91.18835,1.400226,39.65755,-0.001137353
IMG/robocam_2017_06_04_11_06_24_589.jpg,0,1,0,3.456655,105.844,91.3644,1.404483,39.63578,-0.001157211
IMG/robocam_2017_06_04_11_06_24_655.jpg,0,1,0,3.496202,106.0069,91.49815,1.408479,39.61911,-0.001170771
IMG/robocam_2017_06_04_11_06_24_722.jpg,0,1,0,3.548847,106.1716,91.63329,1.408794,39.60113,-0.001647
IMG/robocam_2017_06_04_11_06_24_789.jpg,0,1,0,3.588094,106.3942,91.81583,1.416074,39.57811,-0.001554823
IMG/robocam_2017_06_04_11_06_24_856.jpg,0,1,0,3.627224,106.5633,91.95438,1.417187,39.5618,-0.001203709
IMG/robocam_2017_06_04_11_06_24_922.jpg,0,1,0,3.679693,106.7343,92.09435,1.421327,39.54266,-0.001574309
IMG/robocam_2017_06_04_11_06_24_989.jpg,0,1,0,3.718522,106.965,92.28318,1.423417,39.51805,-0.00170642
IMG/robocam_2017_06_04_11_06_25_056.jpg,0,1,0,3.757224,107.1403,92.4265,1.428592,39.50049,-0.001232912
IMG/robocam_2017_06_04_11_06_25_122.jpg,0,1,0,3.80803,107.3174,92.57117,1.430845,39.48135,-0.001255972
IMG/robocam_2017_06_04_11_06_25_189.jpg,0,1,0,3.846825,107.5564,92.76629,1.437446,39.45495,-0.001272363
IMG/robocam_2017_06_04_11_06_25_255.jpg,0,1,0,3.884415,107.7378,92.91422,1.439707,39.43512,-0.001295957
IMG/robocam_2017_06_04_11_06_25_322.jpg,0,1,0,3.935771,107.9209,93.06351,1.441875,39.41417,-0.001667094
IMG/robocam_2017_06_04_11_06_25_389.jpg,0,1,0,3.973079,108.168,93.26476,1.447959,39.38615,-0.001695015
IMG/robocam_2017_06_04_11_06_25_456.jpg,0,1,0,4.010971,108.3555,93.41727,1.450915,39.36669,-0.001218138
IMG/robocam_2017_06_04_11_06_25_522.jpg,0,1,0,4.061454,108.5447,93.57112,1.454845,39.34346,-0.001712688
IMG/robocam_2017_06_04_11_06_25_589.jpg,0,1,0,4.09906,108.7998,93.77834,1.457562,39.31477,-0.001725234
IMG/robocam_2017_06_04_11_06_25_656.jpg,0,1,0,4.136217,108.9932,93.93536,1.462443,39.29293,-0.001365735
IMG/robocam_2017_06_04_11_06_25_722.jpg,0,1,0,4.185794,109.1884,94.09364,1.463355,39.26959,-0.001754383
IMG/robocam_2017_06_04_11_06_25_788.jpg,0,1,0,4.222667,109.4515,94.30678,1.467049,39.23832,-0.001876036
IMG/robocam_2017_06_04_11_06_25_855.jpg,0,1,0,4.259755,109.6509,94.46822,1.473944,39.21599,-0.001294536
IMG/robocam_2017_06_04_11_06_25_922.jpg,-4.015868,1,0,4.308049,109.8527,94.63007,1.47327,39.01264,-0.000589779
IMG/robocam_2017_06_04_11_06_25_989.jpg,-7.999727,1,0,4.343603,110.1271,94.84409,1.463327,38.05337,0.00139013
IMG/robocam_2017_06_04_11_06_26_055.jpg,-4.035566,1,0,4.378872,110.3366,95.00378,1.451174,37.22975,-0.000908173
IMG/robocam_2017_06_04_11_06_26_122.jpg,-0.03471091,1,0,4.427829,110.5483,95.16423,1.444506,36.74807,-0.004110786
IMG/robocam_2017_06_04_11_06_26_189.jpg,-2.034847,1,0,4.463507,110.834,95.37955,1.446776,36.49237,359.9939
IMG/robocam_2017_06_04_11_06_26_255.jpg,-1.924424,1,0,4.499154,111.0515,95.54063,1.43751,36.19122,359.9813
IMG/robocam_2017_06_04_11_06_26_322.jpg,0,1,0,4.546949,111.2709,95.70298,1.434157,36.06245,359.9825
IMG/robocam_2017_06_04_11_06_26_390.jpg,-4.036284,1,0,4.581697,111.5673,95.91936,1.425091,35.74553,359.9703
IMG/robocam_2017_06_04_11_06_26_455.jpg,-0.03730975,1,0,4.61758,111.7923,96.08213,1.412581,35.5062,359.9676
IMG/robocam_2017_06_04_11_06_26_521.jpg,0,1,0,4.664486,112.0192,96.24624,1.413538,35.44582,359.9743
IMG/robocam_2017_06_04_11_06_26_589.jpg,0,1,0,4.699309,112.3248,96.46693,1.435734,35.46237,359.9923
IMG/robocam_2017_06_04_11_06_26_655.jpg,0,1,0,4.734025,112.5564,96.63363,1.463133,35.48834,359.9932
IMG/robocam_2017_06_04_11_06_26_721.jpg,0,1,0,4.780221,112.7899,96.80145,1.492769,35.51495,359.9936
IMG/robocam_2017_06_04_11_06_26_788.jpg,0,1,0,4.815334,113.1037,97.02653,1.50755,35.52493,-0.004607543
IMG/robocam_2017_06_04_11_06_26_855.jpg,0,1,0,4.850607,113.3412,97.19617,1.503719,35.51573,-0.003608223
IMG/robocam_2017_06_04_11_06_26_921.jpg,0,1,0,4.896454,113.5807,97.36681,1.508357,35.50583,-0.003334928
IMG/robocam_2017_06_04_11_06_26_989.jpg,0,1,0,4.930823,113.9028,97.59576,1.510862,35.47929,-0.002257949
IMG/robocam_2017_06_04_11_06_27_055.jpg,0,1,0,4.965234,114.1467,97.7685,1.514274,35.45316,-0.001984596
IMG/robocam_2017_06_04_11_06_27_122.jpg,0,1,0,5.009,114.3919,97.94181,1.482304,35.3894,-0.000805698
IMG/robocam_2017_06_04_11_06_27_188.jpg,0,1,0,5.015769,114.7188,98.17229,1.430784,35.37411,-0.00139406
IMG/robocam_2017_06_04_11_06_27_256.jpg,0,1,0,5.015057,114.9649,98.34541,1.42105,35.33508,-0.001381831
IMG/robocam_2017_06_04_11_06_27_322.jpg,0,1,0,5.026162,115.2107,98.51819,1.41775,35.30997,-0.001622133
IMG/robocam_2017_06_04_11_06_27_389.jpg,0,1,0,5.013982,115.5396,98.74899,1.444147,35.26573,-0.001493991
IMG/robocam_2017_06_04_11_06_27_455.jpg,0,1,0,5.006495,115.7862,98.92184,1.470014,35.22881,-0.001342467
IMG/robocam_2017_06_04_11_06_27_522.jpg,0,1,0,4.988829,116.0331,99.09465,1.503703,35.18943,-0.001520134
IMG/robocam_2017_06_04_11_06_27_589.jpg,0,1,0,5.008084,116.3617,99.32418,1.489856,35.13661,-0.002012811
IMG/robocam_2017_06_04_11_06_27_656.jpg,0,1,0,5.014755,116.6085,99.49626,1.484453,35.09234,-0.001424466
IMG/robocam_2017_06_04_11_06_27_722.jpg,0,1,0,5.007442,116.8557,99.66834,1.492413,35.05297,-0.00147785
IMG/robocam_2017_06_04_11_06_27_789.jpg,0,1,0,5.025225,117.1852,99.89737,1.510082,35.00756,-0.001494623
IMG/robocam_2017_06_04_11_06_27_856.jpg,0,1,0,5.013942,117.4324,100.0689,1.495247,34.94084,-0.000799511
IMG/robocam_2017_06_04_11_06_27_922.jpg,0,1,0,5.014789,117.679,100.2398,1.465453,34.92461,-0.001414045
IMG/robocam_2017_06_04_11_06_27_989.jpg,0,1,0,5.014968,118.009,100.468,1.459983,34.87152,-0.001446816
IMG/robocam_2017_06_04_11_06_28_056.jpg,-2.024075,1,0,5.002716,118.2566,100.6385,1.463408,34.76392,-0.001071996
IMG/robocam_2017_06_04_11_06_28_122.jpg,-2.000547,1,0,5.013967,118.5057,100.808,1.482776,34.42961,-0.000430072
IMG/robocam_2017_06_04_11_06_28_189.jpg,0,1,0,5.006392,118.838,101.0337,1.51799,34.20977,-0.002018656
IMG/robocam_2017_06_04_11_06_28_255.jpg,0,1,0,5.020533,119.0869,101.2021,1.48657,34.20661,-0.004832224
IMG/robocam_2017_06_04_11_06_28_322.jpg,0,1,0,4.998674,119.3353,101.3696,1.446302,33.82376,0.01008446
IMG/robocam_2017_06_04_11_06_28_388.jpg,0,1,0,5.019663,119.6696,101.5929,1.459662,33.77284,-0.004235451
IMG/robocam_2017_06_04_11_06_28_456.jpg,0,1,0,4.984354,119.9199,101.7593,1.467943,33.63517,-0.003010273
IMG/robocam_2017_06_04_11_06_28_522.jpg,0,1,0,5.015949,120.171,101.9258,1.494084,33.60136,-0.002310617
IMG/robocam_2017_06_04_11_06_28_589.jpg,0,1,0,4.999587,120.506,102.147,1.500199,33.6348,-0.005689737
IMG/robocam_2017_06_04_11_06_28_655.jpg,0,1,0,5.017993,120.7561,102.3119,1.418277,33.44954,0.003257824
IMG/robocam_2017_06_04_11_06_28_722.jpg,0,1,0,5.020477,121.0062,102.4766,1.351229,33.72052,-0.001093454
IMG/robocam_2017_06_04_11_06_28_789.jpg,0,1,0,5.020925,121.3404,102.6972,1.317151,33.71442,-0.001348785
IMG/robocam_2017_06_04_11_06_28_855.jpg,0,1,0,5.014174,121.5915,102.8631,1.320614,33.68064,-0.001234618
IMG/robocam_2017_06_04_11_06_28_922.jpg,0,1,0,5.021168,121.8426,103.0289,1.334817,33.65374,-0.001436597
IMG/robocam_2017_06_04_11_06_28_988.jpg,0,1,0,5.01431,122.1783,103.2504,1.380707,33.61193,-0.001451036
IMG/robocam_2017_06_04_11_06_29_055.jpg,0,1,0,5.005019,122.4299,103.4162,1.420272,33.57622,-0.001303632
IMG/robocam_2017_06_04_11_06_29_122.jpg,0,1,0,5.014254,122.6821,103.5821,1.469596,33.5424,-0.001464757
IMG/robocam_2017_06_04_11_06_29_189.jpg,0,1,0,5.005718,123.0178,103.8026,1.494139,33.49897,-0.004194096
IMG/robocam_2017_06_04_11_06_29_256.jpg,0,1,0,5.029444,123.2683,103.9669,1.429024,33.46635,-0.001330113
IMG/robocam_2017_06_04_11_06_29_322.jpg,0,1,0,5.009993,123.5195,104.1314,1.390651,33.43153,-0.001401989
IMG/robocam_2017_06_04_11_06_29_389.jpg,0,1,0,5.017245,123.8551,104.3509,1.373196,33.39188,-0.001647509
IMG/robocam_2017_06_04_11_06_29_455.jpg,0,1,0,4.995774,124.1068,104.5153,1.373419,33.34221,-0.001458558
IMG/robocam_2017_06_04_11_06_29_521.jpg,0,1,0,5.016222,124.359,104.6798,1.39136,33.3055,-0.001286056
IMG/robocam_2017_06_04_11_06_29_588.jpg,0,1,0,4.999195,124.6955,104.8989,1.428967,33.2405,-0.000450773
IMG/robocam_2017_06_04_11_06_29_655.jpg,0,1,0,5.011346,124.9484,105.0632,1.470217,33.20475,-0.001465024
IMG/robocam_2017_06_04_11_06_29_721.jpg,0,1,0,5.006494,125.2017,105.2275,1.518666,33.18002,-0.001891132
IMG/robocam_2017_06_04_11_06_29_789.jpg,0,1,0,5.029133,125.5367,105.4445,1.415514,33.14175,-0.001329198
IMG/robocam_2017_06_04_11_06_29_855.jpg,0,1,0,5.013631,125.7888,105.6075,1.374063,33.1066,-0.001377159
IMG/robocam_2017_06_04_11_06_29_922.jpg,0,1,0,5.017367,126.041,105.7705,1.351584,33.06961,-0.001219848
IMG/robocam_2017_06_04_11_06_29_988.jpg,0,1,0,4.995098,126.3782,105.988,1.353476,33.02283,-0.00142604
IMG/robocam_2017_06_04_11_06_30_055.jpg,4.015321,1,0,5.008762,126.6306,106.1522,1.371276,33.20202,-0.000704085
IMG/robocam_2017_06_04_11_06_30_121.jpg,7.963272,1,0,4.998705,126.8812,106.3192,1.39265,33.77593,0.04261888
IMG/robocam_2017_06_04_11_06_30_189.jpg,12.00657,1,0,5.006896,127.2096,106.5478,1.344243,35.33406,0.1858125
IMG/robocam_2017_06_04_11_06_30_255.jpg,15,1,0,5.01291,127.4491,106.7244,1.135372,37.26262,0.2916326
IMG/robocam_2017_06_04_11_06_30_322.jpg,15,1,0,4.988756,127.6786,106.9073,0.8497776,39.10126,0.5659141
IMG/robocam_2017_06_04_11_06_30_388.jpg,15,1,0,5.007041,127.9765,107.1607,0.3316345,41.97428,0.9484285
IMG/robocam_2017_06_04_11_06_30_455.jpg,15,1,0,5.007785,128.1919,107.3587,359.9299,44.10068,1.279243
IMG/robocam_2017_06_04_11_06_30_521.jpg,15,1,0,5.001327,128.4063,107.5634,359.7688,45.95342,1.44303
IMG/robocam_2017_06_04_11_06_30_589.jpg,15,1,0,5.000613,128.6886,107.8491,359.9226,48.26838,1.395943
IMG/robocam_2017_06_04_11_06_30_655.jpg,15,1,0,5.001096,128.8938,108.073,0.1214559,50.21852,1.224427
IMG/robocam_2017_06_04_11_06_30_722.jpg,11.0223,1,0,5.009262,129.0872,108.3024,0.1481415,52.46821,1.099994
IMG/robocam_2017_06_04_11_06_30_789.jpg,7.048183,1,0,5.024942,129.3284,108.6187,0.004887961,54.94535,1.137943
IMG/robocam_2017_06_04_11_06_30_855.jpg,3.005984,0.8988595,0,5.010205,129.5029,108.863,0.007118845,56.00781,1.198705
IMG/robocam_2017_06_04_11_06_30_922.jpg,0,0.7018501,0,5.0121,129.6748,109.1087,359.988,56.54702,1.152763
IMG/robocam_2017_06_04_11_06_30_988.jpg,0,0.5004753,0,5.003998,129.9,109.4401,0.005324639,56.792,1.02837
IMG/robocam_2017_06_04_11_06_31_055.jpg,0,0.3020861,0,5.001937,130.0658,109.6901,0.006372086,56.84037,0.969425
IMG/robocam_2017_06_04_11_06_31_121.jpg,2.009233,0.1007814,0,4.996085,130.2302,109.9405,359.993,56.88188,0.915444
IMG/robocam_2017_06_04_11_06_31_189.jpg,6.030025,0,0,4.982343,130.4449,110.2752,359.9599,57.39944,0.9004563
IMG/robocam_2017_06_04_11_06_31_255.jpg,10.01946,0,0,4.964247,130.6003,110.5278,359.9265,58.28777,0.971197
IMG/robocam_2017_06_04_11_06_31_322.jpg,14.01912,0,0,4.937938,130.75,110.783,359.9237,59.61423,1.110415
IMG/robocam_2017_06_04_11_06_31_388.jpg,15,0,0,4.915709,130.9411,111.1272,0.01682633,61.8671,1.261145
IMG/robocam_2017_06_04_11_06_31_456.jpg,15,0,0,4.893911,131.0777,111.3856,359.9927,63.7646,1.212636
IMG/robocam_2017_06_04_11_06_31_522.jpg,15,0,0,4.860661,131.2052,111.6474,-0.001968108,65.69231,1.128074
IMG/robocam_2017_06_04_11_06_31_589.jpg,15,0,0,4.832494,131.3563,112.0019,359.9897,68.35352,1.221
IMG/robocam_2017_06_04_11_06_31_656.jpg,15,0,0,4.818359,131.4604,112.27,359.9923,70.36167,1.219608
IMG/robocam_2017_06_04_11_06_31_722.jpg,15,0,0,4.784433,131.5557,112.5401,0.01518068,72.37386,1.161629
IMG/robocam_2017_06_04_11_06_31_789.jpg,15,0,0,4.751995,131.6635,112.9028,359.9904,75.06614,1.220884
IMG/robocam_2017_06_04_11_06_31_856.jpg,15,0,0,4.727616,131.7323,113.1766,-0.004805278,77.09724,1.312941
IMG/robocam_2017_06_04_11_06_31_922.jpg,15,0,0,4.700169,131.7936,113.4512,0.01827764,79.13834,1.304985
IMG/robocam_2017_06_04_11_06_31_989.jpg,13.0278,0,0,4.672323,131.8603,113.8172,0.005824604,81.78795,1.232441
IMG/robocam_2017_06_04_11_06_32_056.jpg,9.017474,0,0,4.645159,131.8991,114.0916,359.98,83.43212,1.199284
IMG/robocam_2017_06_04_11_06_32_122.jpg,5.012481,0,0,4.619413,131.9318,114.3663,359.9705,84.57324,1.097769
IMG/robocam_2017_06_04_11_06_32_189.jpg,1.018158,0,0,4.599721,131.9665,114.7322,359.9754,85.38357,1.053818
IMG/robocam_2017_06_04_11_06_32_256.jpg,2.028897,0,0,4.583832,131.9892,115.0059,359.9725,85.67092,1.041721
IMG/robocam_2017_06_04_11_06_32_322.jpg,6.017133,0,0,4.562129,132.0083,115.2789,359.9778,86.12968,1.05667
IMG/robocam_2017_06_04_11_06_32_390.jpg,10.01659,0,0,4.544349,132.0261,115.6417,0.002509192,87.3962,1.142771
IMG/robocam_2017_06_04_11_06_32_456.jpg,14.05632,0,0,4.526098,132.0325,115.9119,359.9832,88.90154,1.211207
IMG/robocam_2017_06_04_11_06_32_522.jpg,15,0,0,4.501983,132.0336,116.1814,-0.003968418,90.69418,1.158154
IMG/robocam_2017_06_04_11_06_32_589.jpg,15,0,0,4.471277,132.0192,116.5376,359.9896,93.38196,1.1911
IMG/robocam_2017_06_04_11_06_32_656.jpg,15,0,0,4.455891,131.9988,116.8027,359.9849,95.46072,1.182581
IMG/robocam_2017_06_04_11_06_32_722.jpg,15,0,0,4.423276,131.9685,117.0656,-0.004110073,97.51501,1.195011
IMG/robocam_2017_06_04_11_06_32_789.jpg,15,0,0,4.394738,131.9141,117.4118,359.9931,100.3235,1.234056
IMG/robocam_2017_06_04_11_06_32_856.jpg,15,0,0,4.381061,131.8622,117.6664,359.9541,102.3942,1.292417
IMG/robocam_2017_06_04_11_06_32_923.jpg,11.10844,0,0,4.310725,131.7974,117.9097,359.6128,104.6646,1.707129
IMG/robocam_2017_06_04_11_06_32_989.jpg,7.134464,0,0,4.201472,131.6663,118.1416,355.6501,106.1423,5.470767
IMG/robocam_2017_06_04_11_06_33_056.jpg,3.084297,0,0,4.091024,131.5721,118.3005,352.306,105.127,8.027163
IMG/robocam_2017_06_04_11_06_33_122.jpg,0,0,0,3.880408,131.4585,118.4167,347.5792,102.8692,11.28268
IMG/robocam_2017_06_04_11_06_33_189.jpg,0,0,0,3.636151,131.3071,118.5656,340.3126,96.16959,14.02557
IMG/robocam_2017_06_04_11_06_33_256.jpg,0,0,0,3.368895,131.1889,118.6752,333.9529,88.20467,14.28561
IMG/robocam_2017_06_04_11_06_33_322.jpg,0,0,0,2.995024,131.0674,118.7881,327.0172,77.06757,11.99586
IMG/robocam_2017_06_04_11_06_33_389.jpg,0,0,0,2.805695,130.8892,118.9155,317.7068,55.36958,2.07267
IMG/robocam_2017_06_04_11_06_33_454.jpg,0,0,0,2.206389,130.7521,118.9502,313.7275,32.895,346.5472
IMG/robocam_2017_06_04_11_06_33_522.jpg,0,0,0,-1.558104,130.5883,118.9486,314.0184,16.32333,335.2857
IMG/robocam_2017_06_04_11_06_33_589.jpg,0,0,0,-1.508343,130.3581,118.9247,316.3292,1.142113,325.7003
IMG/robocam_2017_06_04_11_06_33_655.jpg,0,0,0,-1.501262,130.1829,118.8961,318.2593,353.5918,321.4882
IMG/robocam_2017_06_04_11_06_33_722.jpg,0,0,0,-1.555918,130.0025,118.8538,319.7481,348.9397,319.5093
IMG/robocam_2017_06_04_11_06_33_788.jpg,0,0,0,-1.647556,129.7514,118.7726,320.4659,346.9676,320.0293
IMG/robocam_2017_06_04_11_06_33_855.jpg,0,0,0,-1.794435,129.5524,118.6975,320.2751,347.9744,322.4059
IMG/robocam_2017_06_04_11_06_33_922.jpg,0,0,0,-2.076393,129.3418,118.6197,320.1534,349.9452,325.8962
IMG/robocam_2017_06_04_11_06_33_989.jpg,0,0,0,-2.328789,129.0444,118.5226,320.5818,353.2659,331.8276
IMG/robocam_2017_06_04_11_06_34_056.jpg,0,0,0,-2.609935,128.8114,118.4614,321.5121,355.9624,337.0224
IMG/robocam_2017_06_04_11_06_34_122.jpg,0,0,0,-3.021426,128.5728,118.4147,323.0302,358.7106,342.7501
IMG/robocam_2017_06_04_11_06_34_188.jpg,0,0,0,-3.349094,128.2508,118.3812,326.0313,2.485458,351.1763
IMG/robocam_2017_06_04_11_06_34_256.jpg,0,0,0,-3.660591,128.0187,118.3779,329.4088,4.000969,357.1119
IMG/robocam_2017_06_04_11_06_34_321.jpg,0,0,0,-3.983716,127.8005,118.3497,333.9142,3.466675,359.981
IMG/robocam_2017_06_04_11_06_34_388.jpg,0,0,0,-4.511826,127.5279,118.2784,341.1393,359.3473,0.05725375
IMG/robocam_2017_06_04_11_06_34_454.jpg,0,0,0,-4.702366,127.3396,118.2314,347.2146,353.9503,359.9156
IMG/robocam_2017_06_04_11_06_34_521.jpg,0,0,0,-4.835068,127.1661,118.1889,353.8645,345.7386,0.0944094
IMG/robocam_2017_06_04_11_06_34_589.jpg,0,0,0,-4.776497,126.953,118.1431,2.626886,331.3069,1.90426
IMG/robocam_2017_06_04_11_06_34_655.jpg,0,0,0,-4.433888,126.7818,118.117,7.605426,322.4605,3.993097
IMG/robocam_2017_06_04_11_06_34_722.jpg,0,0,0,-4.119631,126.6047,118.0902,11.76696,315.6393,6.129843
IMG/robocam_2017_06_04_11_06_34_789.jpg,0,0,0,-4.025048,126.3705,118.0641,16.93924,310.1885,8.872943
IMG/robocam_2017_06_04_11_06_34_855.jpg,0,0,0,-3.492186,126.1959,118.0457,19.6697,308.3316,9.511534
IMG/robocam_2017_06_04_11_06_34_922.jpg,0,0,0,-3.492186,126.0196,118.0278,22.46789,306.4367,10.35264
IMG/robocam_2017_06_04_11_06_34_988.jpg,0,0,0,-3.492186,125.7834,118.0069,26.20339,304.574,11.34892
IMG/robocam_2017_06_04_11_06_35_055.jpg,0,0,0,-2.63716,125.6202,117.9767,27.5399,305.3806,9.645675
IMG/robocam_2017_06_04_11_06_35_122.jpg,0,0,0,-2.63716,125.4567,117.948,28.93435,306.2636,7.9764
IMG/robocam_2017_06_04_11_06_35_188.jpg,0,0,0,-2.63716,125.2389,117.9104,30.75031,307.5284,5.684087
IMG/robocam_2017_06_04_11_06_35_254.jpg,0,0,0,-2.63716,125.0777,117.8858,32.05249,309.4926,3.466936
IMG/robocam_2017_06_04_11_06_35_321.jpg,0,0,0,-1.894084,124.9317,117.8344,31.41242,313.7864,358.7267
IMG/robocam_2017_06_04_11_06_35_388.jpg,0,0,0,-1.799775,124.7603,117.7811,29.35684,321.1097,352.9455
IMG/robocam_2017_06_04_11_06_35_455.jpg,0,0,0,-1.507744,124.6542,117.7545,26.35268,328.6174,349.0261
IMG/robocam_2017_06_04_11_06_35_521.jpg,0,0,0,-1.283768,124.5576,117.7378,22.08581,337.4795,345.7705
IMG/robocam_2017_06_04_11_06_35_589.jpg,0,0,0,-1.272543,124.4229,117.7121,15.28544,348.3775,343.3745
IMG/robocam_2017_06_04_11_06_35_655.jpg,0,0,0,-1.303488,124.3133,117.6855,9.645615,355.7087,343.0628
IMG/robocam_2017_06_04_11_06_35_721.jpg,0,0,0,-1.381585,124.1948,117.6557,3.931979,1.883568,344.1017
IMG/robocam_2017_06_04_11_06_35_789.jpg,0,0,0,-1.375393,124.0601,117.6444,358.9193,7.111015,349.3564
IMG/robocam_2017_06_04_11_06_35_855.jpg,0,0,0,-1.354429,123.9663,117.651,356.3347,11.66415,354.6593
IMG/robocam_2017_06_04_11_06_35_921.jpg,0,0,0,-1.344604,123.8724,117.6673,354.657,17.39317,0.7140172
IMG/robocam_2017_06_04_11_06_35_989.jpg,0,0,0,-1.339023,123.7609,117.6853,355.0117,26.61602,8.304561
IMG/robocam_2017_06_04_11_06_36_056.jpg,0,0,0,-1.263842,123.7054,117.6887,357.3373,31.43358,11.419
IMG/robocam_2017_06_04_11_06_36_122.jpg,0,0,0,-1.153008,123.6553,117.7013,0.06086895,34.99881,14.15206
IMG/robocam_2017_06_04_11_06_36_189.jpg,0,0,0,-1.067702,123.6015,117.727,4.309448,38.71958,17.06889
IMG/robocam_2017_06_04_11_06_36_255.jpg,0,0,0,-0.9705251,123.5729,117.7514,7.987281,41.19977,18.63053
IMG/robocam_2017_06_04_11_06_36_322.jpg,0,0,0,-0.8188686,123.5552,117.7807,12.11848,43.66598,19.56426
IMG/robocam_2017_06_04_11_06_36_388.jpg,0,0,0,-0.7020643,123.5472,117.828,18.32506,47.37562,19.67859
IMG/robocam_2017_06_04_11_06_36_455.jpg,0,0,0,-0.5826046,123.5512,117.8669,23.485,51.11001,18.66244
IMG/robocam_2017_06_04_11_06_36_521.jpg,0,0,0,-0.4846001,123.5589,117.909,28.84624,55.68241,16.65058
IMG/robocam_2017_06_04_11_06_36_589.jpg,0,0,0,0.4936287,123.5931,118.0053,35.40799,61.82878,11.81994
IMG/robocam_2017_06_04_11_06_36_656.jpg,0,0,0,0.9226945,123.6416,118.1016,38.74517,66.11393,6.600848
IMG/robocam_2017_06_04_11_06_36_722.jpg,0,0,0,1.137235,123.6997,118.203,41.22791,70.37885,0.7622994
IMG/robocam_2017_06_04_11_06_36_789.jpg,0,0,0,1.49672,123.7534,118.3922,41.90733,75.56006,355.8505
IMG/robocam_2017_06_04_11_06_36_855.jpg,0,0,0,1.609149,123.7922,118.5426,41.24328,79.49171,352.6679
IMG/robocam_2017_06_04_11_06_36_922.jpg,0,0,0,1.871524,123.8306,118.6996,39.98482,82.4651,350.4932
IMG/robocam_2017_06_04_11_06_36_989.jpg,0,0,0,2.08216,123.8785,118.9175,37.49049,85.35116,348.9768
IMG/robocam_2017_06_04_11_06_37_056.jpg,0,0,0,2.30538,123.91,119.0851,35.05302,86.93711,348.7571
IMG/robocam_2017_06_04_11_06_37_122.jpg,0,0,0,2.621071,123.9359,119.2538,32.14911,88.18997,349.2369
IMG/robocam_2017_06_04_11_06_37_189.jpg,0,0,0,2.86713,123.9593,119.4764,27.56127,89.54988,350.8654
IMG/robocam_2017_06_04_11_06_37_255.jpg,0,0,0,3.114311,123.967,119.6383,23.58344,90.45123,352.787
IMG/robocam_2017_06_04_11_06_37_322.jpg,0,0,0,3.429569,123.9655,119.7933,19.14188,91.29678,355.3028
IMG/robocam_2017_06_04_11_06_37_389.jpg,0,0,0,3.608313,123.9549,119.9802,12.31227,92.99918,359.1578
IMG/robocam_2017_06_04_11_06_37_456.jpg,0,0,0,3.796992,123.9711,120.1038,6.192613,94.4342,0.8054624
IMG/robocam_2017_06_04_11_06_37_522.jpg,0,0,0,3.908396,123.9903,120.2158,359.4673,96.93036,2.06697
IMG/robocam_2017_06_04_11_06_37_589.jpg,0,0,0,3.745606,124.0032,120.3872,352.1583,95.461,2.475683
IMG/robocam_2017_06_04_11_06_37_656.jpg,0,0,0,3.695385,124.0132,120.5211,347.2067,93.24536,1.94744
IMG/robocam_2017_06_04_11_06_37_723.jpg,0,0,0,3.579504,124.0236,120.659,342.5636,90.51706,0.832444
IMG/robocam_2017_06_04_11_06_37_789.jpg,0,0,0,3.248057,124.0553,120.8469,337.8891,86.68197,357.8439
IMG/robocam_2017_06_04_11_06_37_856.jpg,0,0,0,3.247187,124.077,120.9912,334.9281,84.18728,355.5344
IMG/robocam_2017_06_04_11_06_37_923.jpg,0,0,0,2.69001,124.0788,121.1212,333.1451,83.00285,355.074
IMG/robocam_2017_06_04_11_06_37_989.jpg,0,0,0,2.69001,124.0818,121.2971,330.7106,81.30393,354.2437
IMG/robocam_2017_06_04_11_06_38_056.jpg,0,0,0,2.69001,124.0834,121.4298,328.9061,79.97991,353.555
IMG/robocam_2017_06_04_11_06_38_123.jpg,0,0,0,2.678727,124.078,121.5481,327.7782,80.78651,354.7457
IMG/robocam_2017_06_04_11_06_38_189.jpg,0,0,0,1.667625,124.0552,121.6807,327.3728,83.52104,358.4794
IMG/robocam_2017_06_04_11_06_38_256.jpg,0,0,0,1.667625,124.0382,121.7798,327.1688,85.58898,1.291914
IMG/robocam_2017_06_04_11_06_38_322.jpg,0,0,0,1.667531,124.0246,121.8795,327.132,87.63185,3.99378
IMG/robocam_2017_06_04_11_06_38_389.jpg,0,0,0,0.7305721,124.0442,121.9563,329.2752,88.63197,3.939469
IMG/robocam_2017_06_04_11_06_38_456.jpg,0,0,0,0.7305721,124.0548,122.0208,330.7203,89.14658,4.011588
IMG/robocam_2017_06_04_11_06_38_522.jpg,0,0,0,0.274153,124.072,122.0771,332.8334,87.7393,2.489422
IMG/robocam_2017_06_04_11_06_38_589.jpg,0,0,0,0.2805045,124.0966,122.1508,336.1564,84.81761,359.8545
IMG/robocam_2017_06_04_11_06_38_657.jpg,0,0,0,0.2909763,124.105,122.2094,339.851,82.86086,358.7594
